date,purchases,unique_invoices,unique_streams,total_views,year_month,revenue,y,y_outlier
2017-11-01,0,0,0,0,2017-11,0.0,0.0,0.5496075330072341
2017-11-02,0,0,0,0,2017-11,0.0,0.0,0.5496075330072341
2017-11-03,0,0,0,0,2017-11,0.0,0.0,0.5496075330072341
2017-11-04,0,0,0,0,2017-11,0.0,0.0,0.5496075330072341
2017-11-05,0,0,0,0,2017-11,0.0,0.0,0.5496075330072341
2017-11-06,0,0,0,0,2017-11,0.0,0.0,0.5496075330072341
2017-11-07,0,0,0,0,2017-11,0.0,0.0,0.5496075330072341
2017-11-08,0,0,0,0,2017-11,0.0,0.0,0.5496075330072341
2017-11-09,0,0,0,0,2017-11,0.0,0.0,0.5496075330072341
2017-11-10,0,0,0,0,2017-11,0.0,0.0,0.5496075330072341
2017-11-11,0,0,0,0,2017-11,0.0,0.0,0.5496075330072341
2017-11-12,0,0,0,0,2017-11,0.0,0.0,0.5496075330072341
2017-11-13,0,0,0,0,2017-11,0.0,0.0,0.5496075330072341
2017-11-14,0,0,0,0,2017-11,0.0,0.0,0.5496075330072341
2017-11-15,0,0,0,0,2017-11,0.0,0.0,0.5496075330072341
2017-11-16,0,0,0,0,2017-11,0.0,0.0,0.5496075330072341
2017-11-17,0,0,0,0,2017-11,0.0,0.0,0.5496075330072341
2017-11-18,0,0,0,0,2017-11,0.0,0.0,0.5496075330072341
2017-11-19,0,0,0,0,2017-11,0.0,0.0,0.5496075330072341
2017-11-20,0,0,0,0,2017-11,0.0,0.0,0.5496075330072341
2017-11-21,0,0,0,0,2017-11,0.0,0.0,0.5496075330072341
2017-11-22,0,0,0,0,2017-11,0.0,0.0,0.5496075330072341
2017-11-23,0,0,0,0,2017-11,0.0,0.0,0.5496075330072341
2017-11-24,0,0,0,0,2017-11,0.0,0.0,0.5496075330072341
2017-11-25,0,0,0,0,2017-11,0.0,0.0,0.5496075330072341
2017-11-26,0,0,0,0,2017-11,0.0,0.0,0.5496075330072341
2017-11-27,0,0,0,0,2017-11,0.0,0.0,0.5496075330072341
2017-11-28,2953,154,1291,12922,2017-11,13281.119999999999,13281.119999999999,0.775551596030353
2017-11-29,3217,125,1389,13650,2017-11,13222.970000000001,13222.970000000001,0.7697495248681668
2017-11-30,2911,144,1318,15243,2017-11,12941.5,12941.5,0.7416651057792488
2017-12-01,2443,100,1221,11652,2017-12,9163.07,9163.07,0.36466218675363266
2017-12-02,370,31,263,3101,2017-12,1263.2800000000002,1263.2800000000002,0.4235604056165771
2017-12-03,1888,87,964,8096,2017-12,6229.110000000001,6229.110000000001,0.07191851165461106
2017-12-04,2684,110,1301,11202,2017-12,12189.79,12189.79,0.6666612379662298
2017-12-05,2283,157,1151,11906,2017-12,8892.27,8892.27,0.3376423953397024
2017-12-06,2423,108,1292,10071,2017-12,10886.99,10886.99,0.5366708972938942
2017-12-07,2403,116,1192,11572,2017-12,10651.380000000001,10651.380000000001,0.5131622818764787
2017-12-08,1535,117,875,7902,2017-12,4864.07,4864.07,0.06428199082571205
2017-12-09,0,0,0,0,2017-12,0.0,0.0,0.5496075330072341
2017-12-10,1678,71,935,7685,2017-12,4568.200000000001,4568.200000000001,0.09380320827637506
2017-12-11,3851,113,1568,14845,2017-12,19097.670000000002,19097.670000000002,1.3559133676281985
2017-12-12,1896,119,1000,10331,2017-12,9518.670000000002,9518.670000000002,0.40014312407561825
2017-12-13,3137,101,1409,13689,2017-12,15610.169999999998,15610.169999999998,1.0079387643930355
2017-12-14,1944,157,1062,9346,2017-12,6003.74,6003.74,0.04943161951665869
2017-12-15,1732,71,1011,6557,2017-12,9560.02,9560.02,0.404268930482435
2017-12-16,0,0,0,0,2017-12,0.0,0.0,0.5496075330072341
2017-12-17,573,37,418,3381,2017-12,1811.51,1811.51,0.3688592968763295
2017-12-18,576,49,427,2473,2017-12,2650.71,2650.71,0.28512588123906824
2017-12-19,2032,202,1136,5056,2017-12,13254.54,13254.54,0.7728995057209651
2017-12-20,328,29,286,1089,2017-12,1580.29,1580.29,0.3919298883487408
2017-12-21,0,0,0,0,2017-12,0.0,0.0,0.5496075330072341
2017-12-22,0,0,0,0,2017-12,0.0,0.0,0.5496075330072341
2017-12-23,0,0,0,0,2017-12,0.0,0.0,0.5496075330072341
2017-12-24,0,0,0,0,2017-12,0.0,0.0,0.5496075330072341
2017-12-25,0,0,0,0,2017-12,0.0,0.0,0.5496075330072341
2017-12-26,0,0,0,0,2017-12,0.0,0.0,0.5496075330072341
2017-12-27,0,0,0,0,2017-12,0.0,0.0,0.5496075330072341
2017-12-28,0,0,0,0,2017-12,0.0,0.0,0.5496075330072341
2017-12-29,0,0,0,0,2017-12,0.0,0.0,0.5496075330072341
2017-12-30,0,0,0,0,2017-12,0.0,0.0,0.5496075330072341
2017-12-31,0,0,0,0,2017-12,0.0,0.0,0.5496075330072341
2018-01-01,663,68,520,2993,2018-01,1936.26,1936.26,0.3564120332910717
2018-01-02,938,46,634,5603,2018-01,3061.2700000000004,3061.2700000000004,0.24416116350308875
2018-01-03,294,14,250,1994,2018-01,965.8500000000001,965.8500000000001,0.45323727622309584
2018-01-04,846,78,586,6108,2018-01,2777.0200000000004,2777.0200000000004,0.2725229644979547
2018-01-05,533,41,380,3793,2018-01,1893.67,1893.67,0.36066156400126115
2018-01-06,0,0,0,0,2018-01,0.0,0.0,0.5496075330072341
2018-01-07,676,36,475,4464,2018-01,1969.56,1969.56,0.353089437079536
2018-01-08,2605,63,1057,7931,2018-01,12781.810000000001,12781.810000000001,0.7257316106134788
2018-01-09,1017,60,730,4806,2018-01,3535.13,3535.13,0.19688051963527106
2018-01-10,1552,51,892,5034,2018-01,7670.260000000001,7670.260000000001,0.21571309214274154
2018-01-11,2141,83,1022,8905,2018-01,11974.44,11974.44,0.6451741180216585
2018-01-12,554,45,375,3715,2018-01,1699.27,1699.27,0.3800583418848212
2018-01-13,0,0,0,0,2018-01,0.0,0.0,0.5496075330072341
2018-01-14,1116,41,684,5700,2018-01,3438.3100000000004,3438.3100000000004,0.20654099306472723
2018-01-15,1879,48,993,5934,2018-01,8679.83,8679.83,0.3164456283974004
2018-01-16,1639,44,990,7538,2018-01,7036.981000000001,7036.981000000001,0.15252599285610044
2018-01-17,1207,74,809,5001,2018-01,4729.54,4729.54,0.07770507996498843
2018-01-18,1095,85,712,5824,2018-01,3402.0600000000004,3402.0600000000004,0.21015793338509273
2018-01-19,1186,66,766,5568,2018-01,5207.34,5207.34,0.030031312100970986
2018-01-20,0,0,0,0,2018-01,0.0,0.0,0.5496075330072341
2018-01-21,1231,51,685,5560,2018-01,3918.16,3918.16,0.15866268098948919
2018-01-22,1650,69,905,7339,2018-01,6752.71,6752.71,0.12416209653029021
2018-01-23,1345,124,783,5821,2018-01,12331.51,12331.51,0.6808017285097385
2018-01-24,1443,82,835,6878,2018-01,6081.759999999999,6081.759999999999,0.057216272862725286
2018-01-25,1182,78,724,7277,2018-01,3580.92,3580.92,0.1923117004002494
2018-01-26,1207,81,717,6180,2018-01,23937.591,23937.591,1.838829379001541
2018-01-27,0,0,0,0,2018-01,0.0,0.0,0.5496075330072341
2018-01-28,1244,53,723,6146,2018-01,3462.62,3462.62,0.20411539805264217
2018-01-29,1258,71,795,5185,2018-01,5286.951000000001,5286.951000000001,0.022087912491464228
2018-01-30,1040,53,670,5982,2018-01,2957.9,2957.9,0.254475180631811
2018-01-31,1442,143,899,6276,2018-01,5672.791,5672.791,0.016410301390185934
2018-02-01,1551,139,878,7915,2018-02,4645.719999999999,4645.719999999999,0.08606844376231361
2018-02-02,1030,145,686,5383,2018-02,4173.33,4173.33,0.13320241446403644
2018-02-03,0,0,0,0,2018-02,0.0,0.0,0.5496075330072341
2018-02-04,742,31,517,2761,2018-02,2059.98,2059.98,0.3440675406997443
2018-02-05,1204,64,738,5245,2018-02,4642.32,4642.32,0.08640768781994786
2018-02-06,784,47,543,4454,2018-02,2815.79,2815.79,0.26865458446428386
2018-02-07,861,35,617,2764,2018-02,3983.16,3983.16,0.15217713282883383
2018-02-08,766,92,504,3959,2018-02,2480.8100000000004,2480.8100000000004,0.30207810635438126
2018-02-09,757,70,583,3570,2018-02,2792.81,2792.81,0.27094747518323553
2018-02-10,0,0,0,0,2018-02,0.0,0.0,0.5496075330072341
2018-02-11,1157,49,698,6119,2018-02,3437.55,3437.55,0.20661682408937493
2018-02-12,710,46,459,5475,2018-02,2084.441,2084.441,0.3416268792603937
2018-02-13,1879,105,1073,8774,2018-02,7831.6,7831.6,0.23181122045412816
2018-02-14,945,58,618,5964,2018-02,2971.89,2971.89,0.25307929111231
2018-02-15,1319,84,765,7601,2018-02,3905.0300000000007,3905.0300000000007,0.1599727617179415
2018-02-16,1634,64,923,5494,2018-02,7938.45,7938.45,0.24247246385360544
2018-02-17,0,0,0,0,2018-02,0.0,0.0,0.5496075330072341
2018-02-18,931,58,598,3924,2018-02,3171.4010000000003,3171.4010000000003,0.23317254958799435
2018-02-19,1070,79,668,7473,2018-02,3491.9900000000002,3491.9900000000002,0.201184928060666
2018-02-20,1092,75,721,5877,2018-02,3843.94,3843.94,0.1660681792123175
2018-02-21,1201,113,775,5321,2018-02,4674.941,4674.941,0.08315284064227495
2018-02-22,1531,88,861,9235,2018-02,5088.37,5088.37,0.041901860788250526
2018-02-23,999,61,695,4627,2018-02,7474.591,7474.591,0.19618969640355263
2018-02-24,0,0,0,0,2018-02,0.0,0.0,0.5496075330072341
2018-02-25,1251,55,726,5318,2018-02,3800.09,3800.09,0.1704434297791596
2018-02-26,1162,93,775,6374,2018-02,4292.2,4292.2,0.12134184354315793
2018-02-27,1480,129,927,6471,2018-02,6257.64,6257.64,0.0747651684088187
2018-02-28,1597,71,962,8869,2018-02,5528.22,5528.22,0.0019853447265843023
2018-03-01,1801,95,971,10659,2018-03,7018.01,7018.01,0.15063311079216513
2018-03-02,1133,77,705,5336,2018-03,4574.2,4574.2,0.09320454229231466
2018-03-03,0,0,0,0,2018-03,0.0,0.0,0.5496075330072341
2018-03-04,1675,65,1028,7347,2018-03,5884.59,5884.59,0.0375431108498574
2018-03-05,1866,100,1036,8016,2018-03,9343.65,9343.65,0.3826800373205734
2018-03-06,1153,97,749,6259,2018-03,6179.93,6179.93,0.06701144613859518
2018-03-07,1525,77,909,7997,2018-03,5986.6,5986.6,0.04772143035552594
2018-03-08,1295,75,855,6396,2018-03,5351.3099999999995,5351.3099999999995,0.015666321813439472
2018-03-09,821,46,612,4337,2018-03,3330.48,3330.48,0.21730001857493447
2018-03-10,0,0,0,0,2018-03,0.0,0.0,0.5496075330072341
2018-03-11,640,24,436,2621,2018-03,1763.77,1763.77,0.37362268255617087
2018-03-12,1550,73,933,5966,2018-03,7081.801,7081.801,0.1569980277570323
2018-03-13,1335,86,808,6804,2018-03,5005.5,5005.5,0.05017043580476606
2018-03-14,1226,52,749,7133,2018-03,4041.67,4041.67,0.14633914170760387
2018-03-15,1401,91,790,8140,2018-03,5826.54,5826.54,0.03175101745407209
2018-03-16,1288,82,715,6393,2018-03,13837.490000000002,13837.490000000002,0.8310648949556427
2018-03-17,0,0,0,0,2018-03,0.0,0.0,0.5496075330072341
2018-03-18,1367,62,791,6689,2018-03,3901.4700000000003,3901.4700000000003,0.16032797020181744
2018-03-19,1462,99,866,7552,2018-03,6293.400000000001,6293.400000000001,0.07833321767381927
2018-03-20,1265,76,736,6213,2018-03,52280.04000000001,5508.322313014828,4.666772732546441
2018-03-21,1391,102,804,7029,2018-03,6807.48,6807.48,0.12962691918812239
2018-03-22,1692,100,885,8640,2018-03,18308.93,18308.93,1.277214732916886
2018-03-23,1186,74,784,5995,2018-03,4234.21,4234.21,0.1271279502791026
2018-03-24,0,0,0,0,2018-03,0.0,0.0,0.5496075330072341
2018-03-25,1838,60,904,9368,2018-03,4761.23,4761.23,0.07454312579250895
2018-03-26,1968,94,1028,9488,2018-03,8582.630000000001,8582.630000000001,0.3067472394556205
2018-03-27,1799,103,989,9317,2018-03,7089.400000000001,7089.400000000001,0.15775623822584495
2018-03-28,1890,85,954,8976,2018-03,7832.74,7832.74,0.2319249669910996
2018-03-29,1525,105,883,7777,2018-03,6173.91,6173.91,0.06641078460125444
2018-03-30,0,0,0,0,2018-03,0.0,0.0,0.5496075330072341
2018-03-31,0,0,0,0,2018-03,0.0,0.0,0.5496075330072341
2018-04-01,0,0,0,0,2018-04,0.0,0.0,0.5496075330072341
2018-04-02,0,0,0,0,2018-04,0.0,0.0,0.5496075330072341
2018-04-03,1092,66,694,5547,2018-04,3815.88,3815.88,0.1688679404644404
2018-04-04,1273,63,806,6649,2018-04,4675.700000000001,4675.700000000001,0.0830771093952912
2018-04-05,1963,92,1003,10736,2018-04,7155.57,7155.57,0.16435852625339203
2018-04-06,795,52,545,4327,2018-04,3124.43,3124.43,0.237859206244212
2018-04-07,0,0,0,0,2018-04,0.0,0.0,0.5496075330072341
2018-04-08,1030,41,625,5379,2018-04,2992.37,2992.37,0.25103584455338346
2018-04-09,859,76,550,5430,2018-04,2668.1600000000003,2668.1600000000003,0.2833847610020923
2018-04-10,1236,86,729,5945,2018-04,4001.2200000000003,4001.2200000000003,0.1503751482168117
2018-04-11,986,58,577,6374,2018-04,3009.92,3009.92,0.24928474655000651
2018-04-12,1135,87,648,7243,2018-04,24186.760000000002,24186.760000000002,1.8636908797652694
2018-04-13,743,43,528,4618,2018-04,2220.37,2220.37,0.3280642011691672
2018-04-14,0,0,0,0,2018-04,0.0,0.0,0.5496075330072341
2018-04-15,1380,49,732,5849,2018-04,4765.13,4765.13,0.07415399290286957
2018-04-16,3002,79,1222,10716,2018-04,15214.32,15214.32,0.9684417760946444
2018-04-17,1444,73,801,7331,2018-04,13570.100000000002,13570.100000000002,0.8043853453759868
2018-04-18,1045,72,664,5592,2018-04,3978.9,3978.9,0.15260218567751677
2018-04-19,1403,121,768,8763,2018-04,16626.53,16626.53,1.1093487909863229
2018-04-20,1126,66,658,6472,2018-04,5757.71,5757.71,0.024883320840258117
2018-04-21,0,0,0,0,2018-04,0.0,0.0,0.5496075330072341
2018-04-22,1263,48,700,5678,2018-04,4104.5,4104.5,0.1400701110778504
2018-04-23,1788,113,896,7749,2018-04,7792.66,7792.66,0.2279258782175755
2018-04-24,1642,103,835,10822,2018-04,5421.8,5421.8,0.008632994277368687
2018-04-25,1633,72,860,9976,2018-04,5386.820000000001,5386.820000000001,0.01212321696444133
2018-04-26,1874,98,987,9783,2018-04,-45645.329,5508.322313014828,5.10399183359891
2018-04-27,1165,89,707,5409,2018-04,5924.339999999999,5924.339999999999,0.041509272994258085
2018-04-28,0,0,0,0,2018-04,0.0,0.0,0.5496075330072341
2018-04-29,789,40,505,4096,2018-04,2458.2700000000004,2458.2700000000004,0.3043270949011685
2018-04-30,0,0,0,0,2018-04,0.0,0.0,0.5496075330072341
2018-05-01,1292,89,756,6230,2018-05,6558.59,6558.59,0.10479325639265301
2018-05-02,1505,112,804,7223,2018-05,6829.63,6829.63,0.13183699444594577
2018-05-03,1571,111,842,7929,2018-05,5986.120000000001,5986.120000000001,0.047673537076801144
2018-05-04,1318,86,800,9096,2018-05,4065.4000000000005,4065.4000000000005,0.14397141774064456
2018-05-05,0,0,0,0,2018-05,0.0,0.0,0.5496075330072341
2018-05-06,1584,60,832,7027,2018-05,4560.4400000000005,4560.4400000000005,0.09457748294909334
2018-05-07,1499,113,869,8178,2018-05,7791.990000000001,7791.990000000001,0.22785902718268883
2018-05-08,1614,174,952,9081,2018-05,5861.5,5861.5,0.03523924458786458
2018-05-09,1194,124,768,6764,2018-05,4279.07,4279.07,0.12265192427161033
2018-05-10,1304,88,748,6709,2018-05,5160.639999999999,5160.639999999999,0.034690929010241914
2018-05-11,939,101,588,4712,2018-05,3824.120000000001,3824.120000000001,0.16804577251299727
2018-05-12,0,0,0,0,2018-05,0.0,0.0,0.5496075330072341
2018-05-13,1470,45,825,5261,2018-05,4511.38,4511.38,0.09947257514542802
2018-05-14,1403,143,823,7092,2018-05,4783.37,4783.37,0.0723340483113257
2018-05-15,1485,87,816,6550,2018-05,5745.87,5745.87,0.023701953298378726
2018-05-16,1213,76,716,6033,2018-05,4344.93,4344.93,0.11608056731990624
2018-05-17,1549,83,824,8774,2018-05,6271.67,6271.67,0.07616504903488013
2018-05-18,1166,115,768,4471,2018-05,5391.969999999999,5391.969999999999,0.01160936199478953
2018-05-19,0,0,0,0,2018-05,0.0,0.0,0.5496075330072341
2018-05-20,1221,50,621,6502,2018-05,4210.04,4210.04,0.1295395764182263
2018-05-21,1302,92,732,8853,2018-05,5204.120000000001,5204.120000000001,0.030352596179083386
2018-05-22,1343,149,781,7018,2018-05,4746.97,4746.97,0.07596595528129266
2018-05-23,1540,108,785,7472,2018-05,7613.980000000001,7613.980000000001,0.21009760521225412
2018-05-24,2027,98,934,11086,2018-05,6246.21,6246.21,0.07362470970918343
2018-05-25,1245,95,734,6502,2018-05,5509.610000000001,5509.610000000001,0.00012848239935669913
2018-05-26,0,0,0,0,2018-05,0.0,0.0,0.5496075330072341
2018-05-27,804,35,567,3529,2018-05,2380.03,2380.03,0.31213369933331736
2018-05-28,0,0,0,0,2018-05,0.0,0.0,0.5496075330072341
2018-05-29,1190,51,753,5513,2018-05,4108.38,4108.38,0.13968297374149127
2018-05-30,944,51,675,4196,2018-05,3566.19,3566.19,0.19378142539111792
2018-05-31,1520,103,905,7061,2018-05,6883.139999999999,6883.139999999999,0.13717609724712523
2018-06-01,1415,137,872,4896,2018-06,7321.8,7321.8,0.1809445673417881
2018-06-02,0,0,0,0,2018-06,0.0,0.0,0.5496075330072341
2018-06-03,2168,74,966,9717,2018-06,6899.4,6899.4,0.1387984820639292
2018-06-04,2523,112,1135,11491,2018-06,9096.92,9096.92,0.35806189427936574
2018-06-05,2070,117,1060,9128,2018-06,12488.35,12488.35,0.69645085733308
2018-06-06,1398,91,776,8195,2018-06,4472.8099999999995,4472.8099999999995,0.10332099964629696
2018-06-07,1018,94,588,5921,2018-06,4289.950000000001,4289.950000000001,0.12156634328718052
2018-06-08,1651,97,886,8868,2018-06,14499.6,14499.6,0.8971286840733584
2018-06-09,0,0,0,0,2018-06,0.0,0.0,0.5496075330072341
2018-06-10,1423,75,817,6985,2018-06,4625.929999999999,4625.929999999999,0.08804304373307313
2018-06-11,1457,69,871,6425,2018-06,4963.16,4963.16,0.054395022098952965
2018-06-12,1415,76,829,7422,2018-06,7162.92,7162.92,0.16509189208386618
2018-06-13,1771,90,944,9757,2018-06,5965.740000000001,5965.740000000001,0.04564006828427565
2018-06-14,1627,94,791,8007,2018-06,73158.45,5508.322313014828,6.749971710591187
2018-06-15,894,64,576,4643,2018-06,3865.3200000000006,3865.3200000000006,0.1639349327557819
2018-06-16,0,0,0,0,2018-06,0.0,0.0,0.5496075330072341
2018-06-17,423,25,322,1927,2018-06,1507.03,1507.03,0.39923960001411946
2018-06-18,1773,51,1001,8328,2018-06,5770.82,5770.82,0.026191406015430265
2018-06-19,908,39,621,4422,2018-06,3696.0299999999997,3696.0299999999997,0.18082629349604884
2018-06-20,1068,63,700,6070,2018-06,3835.2700000000004,3835.2700000000004,0.16693325155928487
2018-06-21,1385,109,704,5823,2018-06,9255.04,9255.04,0.3738387385126401
2018-06-22,1164,50,771,5577,2018-06,5369.15,5369.15,0.013886288287499585
2018-06-23,0,0,0,0,2018-06,0.0,0.0,0.5496075330072341
2018-06-24,1283,62,757,5699,2018-06,4149.530000000001,4149.530000000001,0.13557712286747634
2018-06-25,1517,67,819,7847,2018-06,5556.59,5556.59,0.004816037054550333
2018-06-26,1447,76,844,8526,2018-06,5379.12,5379.12,0.012891504977319038
2018-06-27,1665,131,879,8367,2018-06,6374.78,6374.78,0.08645312397095971
2018-06-28,1660,91,858,9853,2018-06,5728.96,5728.96,0.022014712999968246
2018-06-29,818,48,510,4463,2018-06,2416.83,2416.83,0.3084618812977464
2018-06-30,0,0,0,0,2018-06,0.0,0.0,0.5496075330072341
2018-07-01,680,22,463,2640,2018-07,2285.55,2285.55,0.32156069302899
2018-07-02,1778,117,735,10078,2018-07,5926.14,5926.14,0.04168887278947635
2018-07-03,1007,55,641,5333,2018-07,4167.83,4167.83,0.1337511916160919
2018-07-04,1572,92,875,7095,2018-07,9593.01,9593.01,0.40756059561812763
2018-07-05,1230,90,759,6897,2018-07,3953.58,3953.58,0.15512855613025206
2018-07-06,798,49,563,3621,2018-07,3530.9700000000003,3530.9700000000003,0.197295594717553
2018-07-07,0,0,0,0,2018-07,0.0,0.0,0.5496075330072341
2018-07-08,708,29,497,2533,2018-07,2040.46,2040.46,0.3460152007012211
2018-07-09,1142,63,707,5215,2018-07,5161.58,5161.58,0.034597138006072385
2018-07-10,1027,59,691,4308,2018-07,4329.04,4329.04,0.11766603440102648
2018-07-11,1244,98,754,5558,2018-07,4899.679999999999,4899.679999999999,0.06072890821031305
2018-07-12,1522,98,826,8893,2018-07,10234.439999999999,10234.439999999999,0.47156098264411467
2018-07-13,1125,123,727,6667,2018-07,4074.79,4074.79,0.14303450547558996
2018-07-14,0,0,0,0,2018-07,0.0,0.0,0.5496075330072341
2018-07-15,830,41,562,4149,2018-07,2810.9700000000003,2810.9700000000003,0.2691355128048124
2018-07-16,1328,60,749,7715,2018-07,-39092.1,5508.322313014828,4.450125952255781
2018-07-17,1113,61,645,6516,2018-07,4013.72,4013.72,0.1491279274166857
2018-07-18,1190,78,718,6516,2018-07,5547.929999999999,5547.929999999999,0.003951962484222941
2018-07-19,1579,101,813,7312,2018-07,7264.98,7264.98,0.17527520047273515
2018-07-20,933,50,627,5272,2018-07,3171.25,3171.25,0.23318761601525992
2018-07-21,0,0,0,0,2018-07,0.0,0.0,0.5496075330072341
2018-07-22,1223,52,724,6846,2018-07,3845.73,3845.73,0.16588957719373945
2018-07-23,1431,68,787,7984,2018-07,5606.49,5606.49,0.009794942488653414
2018-07-24,844,76,588,5600,2018-07,3060.29,3060.29,0.24425894561381867
2018-07-25,1253,82,698,7820,2018-07,3920.21,3920.21,0.1584581367782685
2018-07-26,1846,93,899,8248,2018-07,11075.989999999998,11075.989999999998,0.5555288757917995
2018-07-27,701,63,486,4246,2018-07,2958.21,2958.21,0.2544442495559679
2018-07-28,0,0,0,0,2018-07,0.0,0.0,0.5496075330072341
2018-07-29,886,39,583,4113,2018-07,2734.49,2734.49,0.2767665085483036
2018-07-30,1174,70,693,6838,2018-07,6417.4400000000005,6417.4400000000005,0.0907096391176299
2018-07-31,1459,80,841,6591,2018-07,7927.74,7927.74,0.24140384507205745
2018-08-01,1357,61,837,7307,2018-08,6084.15,6084.15,0.057454741479709415
2018-08-02,1263,69,724,7491,2018-08,3341.31,3341.31,0.2162194264737053
2018-08-03,533,56,393,4064,2018-08,1803.5900000000001,1803.5900000000001,0.3696495359752893
2018-08-04,0,0,0,0,2018-08,0.0,0.0,0.5496075330072341
2018-08-05,889,46,566,4456,2018-08,2509.7200000000003,2509.7200000000003,0.29919353408784977
2018-08-06,783,70,550,4956,2018-08,2315.15,2315.15,0.3186072741742915
2018-08-07,1656,52,915,5995,2018-08,7307.75,7307.75,0.17954269116244642
2018-08-08,985,47,629,4611,2018-08,5391.6,5391.6,0.01164627973047316
2018-08-09,1819,155,944,9584,2018-08,8194.369999999999,8194.369999999999,0.2680075636270657
2018-08-10,1465,100,783,7773,2018-08,5729.450000000001,5729.450000000001,0.022063604055333252
2018-08-11,0,0,0,0,2018-08,0.0,0.0,0.5496075330072341
2018-08-12,990,59,572,5663,2018-08,2922.74,2922.74,0.25798336329840554
2018-08-13,898,70,628,4804,2018-08,3474.54,3474.54,0.202926048297642
2018-08-14,884,63,604,5966,2018-08,2946.21,2946.21,0.2556415815240889
2018-08-15,1525,59,932,7881,2018-08,5058.83,5058.83,0.044849292983108364
2018-08-16,1365,75,746,7232,2018-08,5068.49,5068.49,0.04388544074877098
2018-08-17,1073,53,717,6235,2018-08,3791.41,3791.41,0.17130949990276714
2018-08-18,0,0,0,0,2018-08,0.0,0.0,0.5496075330072341
2018-08-19,1279,59,737,7768,2018-08,3751.31,3751.31,0.17531058422957146
2018-08-20,1030,56,657,6681,2018-08,3185.6600000000003,3185.6600000000003,0.2317498198768746
2018-08-21,1086,68,677,7189,2018-08,3480.68,3480.68,0.2023134134406201
2018-08-22,1546,98,840,9267,2018-08,5987.0599999999995,5987.0599999999995,0.047767328080970485
2018-08-23,1528,93,806,8578,2018-08,6807.259999999999,6807.259999999999,0.12960496810204014
2018-08-24,918,46,611,4261,2018-08,26392.429999999997,5508.322313014828,2.0837674799423875
2018-08-25,0,0,0,0,2018-08,0.0,0.0,0.5496075330072341
2018-08-26,812,40,484,5043,2018-08,2302.29,2302.29,0.3198904149334612
2018-08-27,0,0,0,0,2018-08,0.0,0.0,0.5496075330072341
2018-08-28,1558,61,867,7044,2018-08,6222.34,6222.34,0.07124301686926277
2018-08-29,769,68,544,3569,2018-08,3402.73,3402.73,0.21009108235020602
2018-08-30,1443,84,818,8327,2018-08,4576.02,4576.02,0.09302294694381626
2018-08-31,995,72,638,5395,2018-08,3845.19,3845.19,0.1659434571323049
2018-09-01,0,0,0,0,2018-09,0.0,0.0,0.5496075330072341
2018-09-02,720,32,473,3797,2018-09,2013.3200000000002,2013.3200000000002,0.3487231665024547
2018-09-03,1333,60,779,5595,2018-09,5691.49,5691.49,0.018276043929510426
2018-09-04,1048,50,683,5889,2018-09,3718.6499999999996,3718.6499999999996,0.1785693227361408
2018-09-05,990,56,645,5739,2018-09,3307.4700000000003,3307.4700000000003,0.21959590262380643
2018-09-06,1335,90,801,6818,2018-09,6463.58,6463.58,0.09531338053505505
2018-09-07,968,47,607,5434,2018-09,3633.26,3633.26,0.18708933746596165
2018-09-08,0,0,0,0,2018-09,0.0,0.0,0.5496075330072341
2018-09-09,1245,47,699,5808,2018-09,3639.83,3639.83,0.18643379821341546
2018-09-10,1917,102,976,8971,2018-09,7615.53,7615.53,0.2102522605914696
2018-09-11,1179,57,728,6640,2018-09,3682.25,3682.25,0.18220122970610775
2018-09-12,1183,83,745,6881,2018-09,3691.05,3691.05,0.181323186262819
2018-09-13,1445,109,825,7790,2018-09,30369.511000000006,5508.322313014828,2.4805913317012713
2018-09-14,1015,76,669,5619,2018-09,4271.09,4271.09,0.12344815003041074
2018-09-15,0,0,0,0,2018-09,0.0,0.0,0.5496075330072341
2018-09-16,1958,59,976,8958,2018-09,4999.02,4999.02,0.05081699506755135
2018-09-17,1638,88,917,9056,2018-09,8397.07,8397.07,0.2882324961219095
2018-09-18,2204,130,978,14822,2018-09,6889.42,6889.42,0.13780270097710862
2018-09-19,1403,96,663,8147,2018-09,5368.54,5368.54,0.013947152662545703
2018-09-20,1920,95,933,12438,2018-09,5572.23,5572.23,0.0063765597196679645
2018-09-21,1362,80,758,7638,2018-09,9160.96,9160.96,0.36445165588257133
2018-09-22,0,0,0,0,2018-09,0.0,0.0,0.5496075330072341
2018-09-23,1459,74,755,8364,2018-09,4197.75,4197.75,0.13076584390891022
2018-09-24,2035,97,983,13246,2018-09,38898.729999999996,5508.322313014828,3.331616879351683
2018-09-25,2598,163,1166,14689,2018-09,9947.07,9947.07,0.4428878753375374
2018-09-26,1838,121,964,12257,2018-09,6030.540000000001,6030.540000000001,0.052105660912129016
2018-09-27,1822,107,916,11802,2018-09,14005.46,14005.46,0.847824549179416
2018-09-28,1567,74,875,8133,2018-09,6509.780000000001,6509.780000000001,0.09992310861232094
2018-09-29,0,0,0,0,2018-09,0.0,0.0,0.5496075330072341
2018-09-30,1994,81,896,9763,2018-09,6550.34,6550.34,0.10397009066456983
2018-10-01,1946,90,969,12207,2018-10,6847.39,6847.39,0.13360904575876487
2018-10-02,2610,194,1148,17363,2018-10,62415.03999999999,5508.322313014828,5.678019357288626
2018-10-03,1166,67,688,8900,2018-10,3808.96,3808.96,0.1695584018993902
2018-10-04,3415,153,1316,16872,2018-10,13757.24,13757.24,0.8230577374188336
2018-10-05,1886,89,984,10814,2018-10,6897.490000000001,6897.490000000001,0.13860790672567003
2018-10-06,0,0,0,0,2018-10,0.0,0.0,0.5496075330072341
2018-10-07,1614,67,845,7943,2018-10,4999.61,4999.61,0.050758126245785476
2018-10-08,2255,116,1084,12162,2018-10,6959.240000000001,6959.240000000001,0.14476917747829263
2018-10-09,2324,135,1117,13713,2018-10,7848.46,7848.46,0.23349347186933814
2018-10-10,1881,90,961,10291,2018-10,14631.130000000001,14631.130000000001,0.9102524402206045
2018-10-11,1729,109,935,11660,2018-10,6145.030000000001,6145.030000000001,0.06352920566464333
2018-10-12,2147,129,1038,11767,2018-10,28363.950000000004,5508.322313014828,2.2804811400915463
2018-10-13,0,0,0,0,2018-10,0.0,0.0,0.5496075330072341
2018-10-14,2682,79,1117,12395,2018-10,7332.47,7332.47,0.18200919501677568
2018-10-15,2700,168,1214,11695,2018-10,10600.189999999999,10600.189999999999,0.5080546632558024
2018-10-16,2104,87,1059,10639,2018-10,8188.14,8188.14,0.267385948780283
2018-10-17,2417,113,1078,12716,2018-10,-29762.210000000006,5508.322313014828,3.5192113225847526
2018-10-18,1907,102,1007,10030,2018-10,7169.76,7169.76,0.16577437130569514
2018-10-19,2051,128,1084,9206,2018-10,9013.59,9013.59,0.34974742153740557
2018-10-20,0,0,0,0,2018-10,0.0,0.0,0.5496075330072341
2018-10-21,2259,82,1008,10622,2018-10,6688.93,6688.93,0.11779827711972718
2018-10-22,1832,98,989,9152,2018-10,5546.13,5546.13,0.0037723626890048653
2018-10-23,2125,116,1045,11526,2018-10,6853.3,6853.3,0.13419873175306443
2018-10-24,1518,70,860,7401,2018-10,5263.74,5263.74,0.02440385185080237
2018-10-25,1448,103,855,6689,2018-10,6409.16,6409.16,0.08988348005962635
2018-10-26,1748,84,929,10241,2018-10,6381.700000000001,6381.700000000001,0.08714358540590958
2018-10-27,0,0,0,0,2018-10,0.0,0.0,0.5496075330072341
2018-10-28,2621,85,1130,11488,2018-10,7288.900000000001,7288.900000000001,0.1776618821958564
2018-10-29,2135,101,1131,9042,2018-10,9301.79,9301.79,0.37850334430511146
2018-10-30,2169,165,1067,11526,2018-10,7548.5,7548.5,0.20356416377287379
2018-10-31,1847,132,1002,8822,2018-10,6519.370000000001,6519.370000000001,0.10087997641017764
2018-11-01,3614,207,1385,18102,2018-11,13237.57,13237.57,0.7712062787627139
2018-11-02,1596,124,968,7708,2018-11,6208.85,6208.85,0.06989701618176677
2018-11-03,0,0,0,0,2018-11,0.0,0.0,0.5496075330072341
2018-11-04,2742,86,1086,13217,2018-11,7408.070000000001,7408.070000000001,0.18955238641593797
2018-11-05,2447,112,1205,11872,2018-11,22800.790999999997,22800.790999999997,1.7254021305548788
2018-11-06,2687,140,1068,14712,2018-11,11268.44,11268.44,0.5747310872305402
2018-11-07,3406,141,1440,15142,2018-11,11903.62,11903.62,0.6381078638564645
2018-11-08,3121,185,1266,15701,2018-11,12084.88,12084.88,0.6561935632349318
2018-11-09,2792,105,1236,11345,2018-11,11694.250000000002,11694.250000000002,0.6172174143426735
2018-11-10,0,0,0,0,2018-11,0.0,0.0,0.5496075330072341
2018-11-11,2849,91,1211,10698,2018-11,8128.599999999999,8128.599999999999,0.2614451866651226
2018-11-12,3423,122,1351,13987,2018-11,13073.92,13073.92,0.7548776640474639
2018-11-13,2917,137,1297,14961,2018-11,9902.54,9902.54,0.43844477595916853
2018-11-14,2779,124,1264,13869,2018-11,10694.721000000001,10694.721000000001,0.5174867456123398
2018-11-15,2767,110,1194,12867,2018-11,10349.54,10349.54,0.4830453917716754
2018-11-16,2270,128,1072,10709,2018-11,8210.9,8210.9,0.2696568884131524
2018-11-17,0,0,0,0,2018-11,0.0,0.0,0.5496075330072341
2018-11-18,3118,92,1255,13237,2018-11,8270.470000000001,8270.470000000001,0.2756006438582332
2018-11-19,3005,96,1283,11968,2018-11,11934.310000000001,11934.310000000001,0.6411700403649339
2018-11-20,3364,160,1353,16559,2018-11,13055.55,13055.55,0.7530447483595987
2018-11-21,3313,181,1324,14719,2018-11,13489.87,13489.87,0.7963801833924579
2018-11-22,3453,177,1237,18331,2018-11,11494.19,11494.19,0.5972558948808163
2018-11-23,2241,86,1087,10167,2018-11,8913.59,8913.59,0.33976965513639734
2018-11-24,0,0,0,0,2018-11,0.0,0.0,0.5496075330072341
2018-11-25,2526,101,1109,9368,2018-11,7556.879999999999,7556.879999999999,0.2044003005972782
2018-11-26,3665,112,1480,15547,2018-11,15412.48,15412.48,0.9882137179948823
2018-11-27,2192,157,927,13301,2018-11,7165.05,7165.05,0.16530441850820765
2018-11-28,5898,135,1326,24644,2018-11,24856.160000000003,24856.160000000003,1.930482048053619
2018-11-29,4188,163,933,26123,2018-11,13504.96,13504.96,0.7978858283423698
2018-11-30,4022,94,1111,15815,2018-11,20626.02,20626.02,1.508408560418008
2018-12-01,0,0,0,0,2018-12,0.0,0.0,0.5496075330072341
2018-12-02,4986,86,1088,18131,2018-12,14212.140000000001,14212.140000000001,0.8684465967770203
2018-12-03,7638,126,1473,28444,2018-12,34715.9,5508.322313014828,2.9142638730003894
2018-12-04,5708,107,1276,21601,2018-12,169539.62,5508.322313014828,16.366659707749832
2018-12-05,4984,141,1202,24566,2018-12,19080.82,19080.82,1.3542321139896285
2018-12-06,5270,167,1248,21446,2018-12,27164.940000000002,5508.322313014828,2.160846723166817
2018-12-07,2629,86,1243,10594,2018-12,12300.3,12300.3,0.6776876676159838
2018-12-08,0,0,0,0,2018-12,0.0,0.0,0.5496075330072341
2018-12-09,1403,50,767,5052,2018-12,3874.27,3874.27,0.1630419226628917
2018-12-10,2257,80,1166,10550,2018-12,12253.779999999999,12253.779999999999,0.6730460106862347
2018-12-11,1995,138,993,10770,2018-12,8027.2300000000005,8027.2300000000005,0.25133072486442065
2018-12-12,1273,94,728,8364,2018-12,4661.81,4661.81,0.08446302114839127
2018-12-13,1746,143,923,12139,2018-12,5808.610000000001,5808.610000000001,0.02996200393837137
2018-12-14,2816,52,1308,7583,2018-12,16826.45,16826.45,1.1292963415752189
2018-12-15,0,0,0,0,2018-12,0.0,0.0,0.5496075330072341
2018-12-16,480,23,361,2172,2018-12,1454.1800000000003,1454.1800000000003,0.40451284955705225
2018-12-17,1593,87,906,6083,2018-12,7545.17,7545.17,0.2032319041517202
2018-12-18,1466,60,780,4311,2018-12,11841.35,11841.35,0.6318947087185566
2018-12-19,250,20,212,1284,2018-12,1908.67,1908.67,0.3591648990411099
2018-12-20,870,33,733,3375,2018-12,3570.7999999999997,3570.7999999999997,0.19332145036003145
2018-12-21,0,0,0,0,2018-12,0.0,0.0,0.5496075330072341
2018-12-22,0,0,0,0,2018-12,0.0,0.0,0.5496075330072341
2018-12-23,0,0,0,0,2018-12,0.0,0.0,0.5496075330072341
2018-12-24,0,0,0,0,2018-12,0.0,0.0,0.5496075330072341
2018-12-25,0,0,0,0,2018-12,0.0,0.0,0.5496075330072341
2018-12-26,0,0,0,0,2018-12,0.0,0.0,0.5496075330072341
2018-12-27,0,0,0,0,2018-12,0.0,0.0,0.5496075330072341
2018-12-28,0,0,0,0,2018-12,0.0,0.0,0.5496075330072341
2018-12-29,0,0,0,0,2018-12,0.0,0.0,0.5496075330072341
2018-12-30,0,0,0,0,2018-12,0.0,0.0,0.5496075330072341
2018-12-31,0,0,0,0,2018-12,0.0,0.0,0.5496075330072341
2019-01-01,1170,55,828,5472,2019-01,4228.52,4228.52,0.1276956851873199
2019-01-02,1628,65,974,7723,2019-01,38781.340000000004,5508.322313014828,3.31990397937354
2019-01-03,1728,69,985,9301,2019-01,6472.18,6472.18,0.0961714684455418
2019-01-04,1431,51,902,7343,2019-01,4793.460000000001,4793.460000000001,0.07132729168146386
2019-01-05,0,0,0,0,2019-01,0.0,0.0,0.5496075330072341
2019-01-06,1043,47,613,5262,2019-01,3265.84,3265.84,0.22374964677654618
2019-01-07,1795,53,1038,7737,2019-01,7129.170000000001,7129.170000000001,0.16172439592352597
2019-01-08,1361,76,928,7034,2019-01,4894.3099999999995,4894.3099999999995,0.06126471426604718
2019-01-09,1687,54,1040,6719,2019-01,6943.4400000000005,6943.4400000000005,0.1431926903869333
2019-01-10,1368,49,918,6158,2019-01,5419.42,5419.42,0.008870465117712693
2019-01-11,1264,47,828,5770,2019-01,5904.01,5904.01,0.039480793084933206
2019-01-12,0,0,0,0,2019-01,0.0,0.0,0.5496075330072341
2019-01-13,646,29,424,2583,2019-01,1854.5,1854.5,0.3645698551005361
2019-01-14,2416,50,1157,9277,2019-01,9302.67,9302.67,0.3785911486494402
2019-01-15,1362,47,857,4238,2019-01,6132.52,6132.52,0.06228098708787719
2019-01-16,1186,35,875,5335,2019-01,4142.04,4142.04,0.1363244575709119
2019-01-17,1390,47,923,5804,2019-01,7793.72,7793.72,0.22803164254142624
2019-01-18,1462,59,945,6296,2019-01,6388.74,6388.74,0.08784602016054047
2019-01-19,0,0,0,0,2019-01,0.0,0.0,0.5496075330072341
2019-01-20,867,29,565,3515,2019-01,2551.5600000000004,2551.5600000000004,0.2950188366256679
2019-01-21,1279,53,765,5623,2019-01,5831.54,5831.54,0.032249905774122505
2019-01-22,1489,76,841,7725,2019-01,6002.110000000001,6002.110000000001,0.04926898192432234
2019-01-23,1088,65,692,4999,2019-01,4654.76,4654.76,0.08516645367966237
2019-01-24,1335,77,795,7195,2019-01,4693.88,4693.88,0.08126315146358795
2019-01-25,871,93,598,4727,2019-01,3465.6400000000003,3465.6400000000003,0.2038140695073317
2019-01-26,0,0,0,0,2019-01,0.0,0.0,0.5496075330072341
2019-01-27,722,25,488,2934,2019-01,2321.7200000000003,2321.7200000000003,0.3179517349217453
2019-01-28,1312,76,769,5712,2019-01,5485.02,5485.02,0.0023250503586512445
2019-01-29,1445,77,819,7299,2019-01,5015.74,5015.74,0.04914871252530283
2019-01-30,1355,67,783,6209,2019-01,5740.0,5740.0,0.02311625841063955
2019-01-31,863,45,540,4802,2019-01,3151.92,3151.92,0.2351163182605748
2019-02-01,1080,68,677,5191,2019-02,5757.7,5757.7,0.024882323063617994
2019-02-02,0,0,0,0,2019-02,0.0,0.0,0.5496075330072341
2019-02-03,279,11,220,1209,2019-02,799.45,799.45,0.4698402795143736
2019-02-04,1142,46,764,5214,2019-02,4376.7699999999995,4376.7699999999995,0.11290364649782528
2019-02-05,1163,50,742,4998,2019-02,5386.59,5386.59,0.012146165827163696
2019-02-06,746,26,533,2852,2019-02,3985.7599999999998,3985.7599999999998,0.15191771090240763
2019-02-07,750,63,515,4331,2019-02,3358.2200000000003,3358.2200000000003,0.21453218617529476
2019-02-08,882,90,624,4443,2019-02,5277.92,5277.92,0.02298900457513937
2019-02-09,0,0,0,0,2019-02,0.0,0.0,0.5496075330072341
2019-02-10,624,24,430,2154,2019-02,1859.3600000000001,1859.3600000000001,0.3640849356534471
2019-02-11,909,47,642,4308,2019-02,3763.7599999999998,3763.7599999999998,0.17406835231264595
2019-02-12,1111,64,728,5866,2019-02,6739.75,6739.75,0.12286897800471955
2019-02-13,1050,63,627,6671,2019-02,3541.76,3541.76,0.1962189937228842
2019-02-14,1608,66,847,7691,2019-02,7366.910000000001,7366.910000000001,0.18544553776528297
2019-02-15,766,59,552,4408,2019-02,2785.3199999999997,2785.3199999999997,0.2716948098866711
2019-02-16,0,0,0,0,2019-02,0.0,0.0,0.5496075330072341
2019-02-17,864,29,595,3472,2019-02,2721.29,2721.29,0.27808357371323666
2019-02-18,1102,45,715,4973,2019-02,15973.820000000003,15973.820000000003,1.0442229119103024
2019-02-19,1546,61,890,8100,2019-02,5502.54,5502.54,0.000576945685194646
2019-02-20,1528,64,849,7488,2019-02,7000.9,7000.9,0.14892591496095256
2019-02-21,1219,62,758,7477,2019-02,4793.93,4793.93,0.07128039617937919
2019-02-22,911,46,575,6670,2019-02,3224.04,3224.04,0.22792035313216766
2019-02-23,0,0,0,0,2019-02,0.0,0.0,0.5496075330072341
2019-02-24,797,33,555,3516,2019-02,2391.38,2391.38,0.3110012228468029
2019-02-25,1628,53,905,6390,2019-02,7588.6,7588.6,0.20756524809967813
2019-02-26,1051,55,681,5388,2019-02,4281.16,4281.16,0.12244338895382924
2019-02-27,890,64,534,5734,2019-02,3314.8,3314.8,0.21886453234661254
2019-02-28,1222,75,749,5888,2019-02,5017.24,5017.24,0.04899904602928771
2019-03-01,950,48,669,5184,2019-03,2668.8599999999997,2668.8599999999997,0.2833149166372853
2019-03-02,0,0,0,0,2019-03,0.0,0.0,0.5496075330072341
2019-03-03,844,35,520,3385,2019-03,2845.04,2845.04,0.26573608779198893
2019-03-04,1905,98,1040,7548,2019-03,10432.369999999999,10432.369999999999,0.4913099756816303
2019-03-05,1491,56,858,7888,2019-03,5006.22,5006.22,0.05009859588667877
2019-03-06,1155,75,743,6184,2019-03,4398.75,4398.75,0.11071053344288362
2019-03-07,954,81,590,5514,2019-03,3128.49,3128.49,0.23745410892833105
2019-03-08,873,59,573,5152,2019-03,3440.3900000000003,3440.3900000000003,0.20633345552358626
2019-03-09,0,0,0,0,2019-03,0.0,0.0,0.5496075330072341
2019-03-10,519,16,411,1854,2019-03,1320.81,1320.81,0.41782019660607694
2019-03-11,924,51,604,4778,2019-03,3105.1400000000003,3105.1400000000003,0.23978391738296642
2019-03-12,1155,57,671,5649,2019-03,5476.629999999999,5476.629999999999,0.00316218495969596
2019-03-13,786,54,546,5237,2019-03,2682.4700000000003,2682.4700000000003,0.281956942630108
2019-03-14,1907,80,1029,7885,2019-03,8037.3,8037.3,0.25233548594100214
2019-03-15,1259,70,743,6268,2019-03,16580.22,16580.22,1.1047280873660164
2019-03-16,0,0,0,0,2019-03,0.0,0.0,0.5496075330072341
2019-03-17,1388,58,838,7259,2019-03,4735.41,4735.41,0.07711938507724926
2019-03-18,999,64,617,6503,2019-03,2739.66,2739.66,0.2762506580253714
2019-03-19,2207,75,1129,8437,2019-03,9746.830000000002,9746.830000000002,0.42290839589615864
2019-03-20,1185,80,748,6192,2019-03,4356.139999999999,4356.139999999999,0.1149620597063533
2019-03-21,1460,85,757,8128,2019-03,4163.84,4163.84,0.1341493044954921
2019-03-22,1178,57,756,5100,2019-03,4880.17,4880.17,0.0626755704351497
2019-03-23,0,0,0,0,2019-03,0.0,0.0,0.5496075330072341
2019-03-24,725,43,506,3132,2019-03,2087.31,2087.31,0.34134061714234876
2019-03-25,1462,74,847,6583,2019-03,9035.970000000001,9035.970000000001,0.35198044565795134
2019-03-26,1852,92,964,9835,2019-03,8698.989999999998,8698.989999999998,0.3183573684398334
2019-03-27,1509,113,871,8680,2019-03,4836.01,4836.01,0.06708175207783491
2019-03-28,1633,87,867,7920,2019-03,8671.510000000002,8671.510000000002,0.31561547823283675
2019-03-29,1162,99,715,6706,2019-03,3993.72,3993.72,0.15112348069688736
2019-03-30,0,0,0,0,2019-03,0.0,0.0,0.5496075330072341
2019-03-31,731,22,526,2723,2019-03,1788.1599999999999,1788.1599999999999,0.37118910533096494
2019-04-01,1608,69,894,7418,2019-04,6172.049999999999,6172.049999999999,0.06622519814619562
2019-04-02,1077,86,702,5684,2019-04,3566.91,3566.91,0.1937095854730307
2019-04-03,1056,87,717,5315,2019-04,3592.4,3592.4,0.19116625281741365
2019-04-04,1382,72,785,5836,2019-04,4232.26,4232.26,0.12732251672392225
2019-04-05,1300,129,830,7481,2019-04,8560.599999999999,8560.599999999999,0.30454913751747814
2019-04-06,0,0,0,0,2019-04,0.0,0.0,0.5496075330072341
2019-04-07,914,36,617,3806,2019-04,3017.4799999999996,3017.4799999999996,0.24853042741009035
2019-04-08,1102,65,712,7459,2019-04,3059.63,3059.63,0.24432479887206532
2019-04-09,1099,78,632,7897,2019-04,3524.26,3524.26,0.19796510284306065
2019-04-10,985,76,638,6902,2019-04,2762.41,2762.41,0.27398071616914205
2019-04-11,1445,99,723,9698,2019-04,4738.17,4738.17,0.0768439987245814
2019-04-12,1406,52,693,6339,2019-04,8310.721000000001,8310.721000000001,0.27961679461230304
2019-04-13,0,0,0,0,2019-04,0.0,0.0,0.5496075330072341
2019-04-14,912,41,595,5080,2019-04,2514.74,2514.74,0.2986926502145192
2019-04-15,3178,91,1277,10373,2019-04,11835.279999999999,11835.279999999999,0.6312890582980152
2019-04-16,1755,68,949,8051,2019-04,6621.66,6621.66,0.11108623366176888
2019-04-17,990,84,591,7407,2019-04,3096.9700000000003,3096.9700000000003,0.24059910089792882
2019-04-18,1746,105,932,8442,2019-04,8782.310000000001,8782.310000000001,0.32667084340515384
2019-04-19,0,0,0,0,2019-04,0.0,0.0,0.5496075330072341
2019-04-20,0,0,0,0,2019-04,0.0,0.0,0.5496075330072341
2019-04-21,0,0,0,0,2019-04,0.0,0.0,0.5496075330072341
2019-04-22,0,0,0,0,2019-04,0.0,0.0,0.5496075330072341
2019-04-23,1821,80,907,8919,2019-04,8178.9,8178.9,0.26646400316482977
2019-04-24,1255,88,778,7357,2019-04,4042.9700000000003,4042.9700000000003,0.14620943074439074
2019-04-25,1114,95,716,7160,2019-04,4442.67,4442.67,0.10632829843956079
2019-04-26,0,0,0,0,2019-04,0.0,0.0,0.5496075330072341
2019-04-27,0,0,0,0,2019-04,0.0,0.0,0.5496075330072341
2019-04-28,419,20,339,2236,2019-04,1218.1399999999999,1218.1399999999999,0.42806436936999215
2019-04-29,0,0,0,0,2019-04,0.0,0.0,0.5496075330072341
2019-04-30,1323,115,763,6464,2019-04,28102.510000000002,5508.322313014828,2.25439526761275
2019-05-01,1081,70,673,7001,2019-05,3385.36,3385.36,0.21182422037406112
2019-05-02,1677,102,871,8452,2019-05,5740.32,5740.32,0.02314818726312275
2019-05-03,1979,107,1020,10093,2019-05,6952.63,6952.63,0.14410964711918592
2019-05-04,0,0,0,0,2019-05,0.0,0.0,0.5496075330072341
2019-05-05,1394,64,690,6582,2019-05,4009.01,4009.01,0.14959788021417317
2019-05-06,1673,77,849,8622,2019-05,8448.5,8448.5,0.29336406138194804
2019-05-07,2424,108,896,10134,2019-05,15023.870000000003,15023.870000000003,0.9494391199839245
2019-05-08,1556,89,803,9128,2019-05,5432.38,5432.38,0.007577346592142021
2019-05-09,1554,90,858,8739,2019-05,5813.48,5813.48,0.03044792116210037
2019-05-10,1249,70,703,7105,2019-05,4433.5,4433.5,0.10724325961853326
2019-05-11,0,0,0,0,2019-05,0.0,0.0,0.5496075330072341
2019-05-12,781,29,562,3300,2019-05,2108.42,2108.42,0.3392343106550959
2019-05-13,1446,80,751,8094,2019-05,20236.699999999997,20236.699999999997,1.4695631202656023
2019-05-14,1705,111,863,8907,2019-05,8802.66,8802.66,0.32870131886775883
2019-05-15,1271,83,699,8062,2019-05,4857.11,4857.11,0.06497644336722223
2019-05-16,1702,110,821,9924,2019-05,6706.62,6706.62,0.1195633439960655
2019-05-17,1071,84,601,7700,2019-05,3619.9,3619.9,0.1884223670571364
2019-05-18,0,0,0,0,2019-05,0.0,0.0,0.5496075330072341
2019-05-19,1422,58,815,8325,2019-05,4120.030000000001,4120.030000000001,0.13852056395577375
2019-05-20,1423,102,787,6912,2019-05,5662.04,5662.04,0.015337591724413515
2019-05-21,1718,97,925,8306,2019-05,7171.0599999999995,7171.0599999999995,0.16590408226890818
2019-05-22,1199,84,666,6292,2019-05,4045.43,4045.43,0.145963977690926
2019-05-23,811,65,507,4766,2019-05,3699.77,3699.77,0.1804531250326511
2019-05-24,1077,82,630,5987,2019-05,4901.59,4901.59,0.060538332872053714
2019-05-25,0,0,0,0,2019-05,0.0,0.0,0.5496075330072341
2019-05-26,602,24,425,2389,2019-05,1598.0,1598.0,0.3901628259191222
2019-05-27,0,0,0,0,2019-05,0.0,0.0,0.5496075330072341
2019-05-28,1115,52,680,5345,2019-05,4440.860000000001,4440.860000000001,0.10650889601141898
2019-05-29,1381,57,808,4936,2019-05,5588.870000000001,5588.870000000001,0.008036860048795861
2019-05-30,1401,80,805,7016,2019-05,6591.09,6591.09,0.10803603047298069
2019-05-31,777,47,529,4204,2019-05,2894.54,2894.54,0.26079709342348983
2019-06-01,0,0,0,0,2019-06,0.0,0.0,0.5496075330072341
2019-06-02,1345,62,669,7218,2019-06,4123.98,4123.98,0.13812644218293404
2019-06-03,1088,66,685,6139,2019-06,4130.1900000000005,4130.1900000000005,0.13750682288943133
2019-06-04,1847,93,981,9290,2019-06,6505.890000000001,6505.890000000001,0.09953497349932178
2019-06-05,2090,102,962,10154,2019-06,10134.77,10134.77,0.4616161428722299
2019-06-06,1596,96,913,8993,2019-06,6661.9000000000015,6661.9000000000015,0.11510128686153477
2019-06-07,990,88,643,4990,2019-06,44136.55999999999,5508.322313014828,3.8542353212336127
2019-06-08,0,0,0,0,2019-06,0.0,0.0,0.5496075330072341
2019-06-09,1048,38,641,4526,2019-06,2985.2200000000003,2985.2200000000003,0.25174925485105554
2019-06-10,1216,79,777,5934,2019-06,5095.99,5095.99,0.04114155498849371
2019-06-11,1585,65,879,7101,2019-06,6428.16,6428.16,0.09177925567581792
2019-06-12,1445,80,833,6133,2019-06,6763.24,6763.24,0.12521275533231635
2019-06-13,1382,99,818,8617,2019-06,4830.860000000001,4830.860000000001,0.06759560704748681
2019-06-14,771,56,501,4941,2019-06,2340.1000000000004,2340.1000000000004,0.31611782145723993
2019-06-15,0,0,0,0,2019-06,0.0,0.0,0.5496075330072341
2019-06-16,1062,57,686,5876,2019-06,3093.54,3093.54,0.24094133828548342
2019-06-17,1677,88,913,6711,2019-06,7741.98,7741.98,0.22286914620554452
2019-06-18,1330,78,786,6033,2019-06,5835.83,5835.83,0.03267795195272575
2019-06-19,892,59,603,5964,2019-06,2457.01,2457.01,0.3044528147578212
2019-06-20,1849,81,942,9478,2019-06,5968.250000000001,5968.250000000001,0.045890510220940976
2019-06-21,907,54,602,5211,2019-06,13711.7,13711.7,0.8185138625998143
2019-06-22,0,0,0,0,2019-06,0.0,0.0,0.5496075330072341
2019-06-23,675,33,534,2423,2019-06,2460.38,2460.38,0.3041165640301073
2019-06-24,1126,58,708,4727,2019-06,4466.99,4466.99,0.10390170565083562
2019-06-25,932,80,611,5477,2019-06,4991.26,4991.26,0.05159126974026961
2019-06-26,1274,62,965,5702,2019-06,4611.0,4611.0,0.0895327242567436
2019-06-27,1487,72,897,8230,2019-06,5128.02,5128.02,0.0379456764102507
2019-06-28,923,62,565,4674,2019-06,3096.2,3096.2,0.2406759296992166
2019-06-29,0,0,0,0,2019-06,0.0,0.0,0.5496075330072341
2019-06-30,602,27,423,2534,2019-06,1793.98,1793.98,0.37060839932642625
